YEAR,MONTH,RP,GAS_PRICE,OIL_PRICE,YQ,YM,도시가스_민수용,도시가스_산업용,도시가스_총합,민수용비중,산업용비중,QUATER,QVA
1996,1,0.97,26.94,27.86,1996Q1,19961,605519,83809,689328,0.87842,0.12158,Q1,36550.3
1996,2,0.93,26.94,29.04,1996Q1,19962,566323,70427,636750,0.8894,0.1106,Q1,36550.3
1996,3,0.96,26.94,27.99,1996Q1,19963,477514,62652,540166,0.88401,0.11599,Q1,36550.3
1996,4,0.94,26.94,28.74,1996Q2,19964,337794,47050,384844,0.87774,0.12226,Q2,37152.4
1996,5,0.92,26.94,29.18,1996Q2,19965,184522,30709,215231,0.85732,0.14268,Q2,37152.4
1996,6,0.94,26.94,28.73,1996Q2,19966,116416,28534,144950,0.80315,0.19685,Q2,37152.4
1996,7,0.86,26.94,31.19,1996Q3,19967,109474,31117,140591,0.77867,0.22133,Q3,37792.4
1996,8,0.83,26.94,32.55,1996Q3,19968,94736,28188,122924,0.77069,0.22931,Q3,37792.4
1996,9,0.81,26.94,33.11,1996Q3,19969,105143,36977,142120,0.73982,0.26018,Q3,37792.4
1996,10,0.79,26.94,34.17,1996Q4,199610,237249,61954,299203,0.79294,0.20706,Q4,38372.4
1996,11,0.75,26.94,35.88,1996Q4,199611,434413,79268,513681,0.84569,0.15431,Q4,38372.4
1996,12,0.74,26.94,36.3,1996Q4,199612,651230,100546,751776,0.86626,0.13374,Q4,38372.4
1997,1,0.69,26.94,39.02,1997Q1,19971,775522,104709,880231,0.88104,0.11896,Q1,38710.8
1997,2,0.68,26.94,39.43,1997Q1,19972,640683,84149,724832,0.88391,0.11609,Q1,38710.8
1997,3,0.74,28.24,38.35,1997Q1,19973,532435,75136,607571,0.87633,0.12367,Q1,38710.8
1997,4,0.81,31.02,38.13,1997Q2,19974,357484,62380,419864,0.85143,0.14857,Q2,40823.0
1997,5,0.83,31.02,37.23,1997Q2,19975,248334,59376,307710,0.80704,0.19296,Q2,40823.0
1997,6,0.82,31.02,37.77,1997Q2,19976,154617,57654,212271,0.72839,0.27161,Q2,40823.0
1997,7,0.87,31.02,35.49,1997Q3,19977,138050,66246,204296,0.67574,0.32426,Q3,40274.9
1997,8,0.89,31.02,34.88,1997Q3,19978,119715,62134,181849,0.65832,0.34168,Q3,40274.9
1997,9,0.85,31.02,36.32,1997Q3,19979,164985,84552,249537,0.66116,0.33884,Q3,40274.9
1997,10,0.84,31.02,36.88,1997Q4,199710,332390,114588,446978,0.74364,0.25636,Q4,39448.7
1997,11,0.79,31.02,39.34,1997Q4,199711,510747,125912,636659,0.80223,0.19777,Q4,39448.7
1997,12,0.63,39.86,62.8,1997Q4,199712,752219,146195,898414,0.83727,0.16273,Q4,39448.7
1998,1,0.6,39.86,66.48,1998Q1,19981,807493,143631,951123,0.84899,0.15101,Q1,36553.0
1998,2,0.63,45.3,71.9,1998Q1,19982,663455,118575,782031,0.84837,0.15162,Q1,36553.0
1998,3,0.79,45.3,57.24,1998Q1,19983,571545,124297,695842,0.82137,0.17863,Q1,36553.0
1998,4,0.8,45.3,56.9,1998Q2,19984,331872,88168,420040,0.7901,0.2099,Q2,35736.4
1998,5,0.92,45.3,49.33,1998Q2,19985,215061,86596,301657,0.71293,0.28707,Q2,35736.4
1998,6,0.93,45.3,48.77,1998Q2,19986,171457,84263,255719,0.67049,0.32951,Q2,35736.4
1998,7,0.93,45.3,48.56,1998Q3,19987,148578,82096,230674,0.6441,0.3559,Q3,36688.8
1998,8,0.94,45.3,48.44,1998Q3,19988,143551,80149,223700,0.64171,0.35829,Q3,36688.8
1998,9,0.91,45.3,49.66,1998Q3,19989,148313,99828,248141,0.5977,0.4023,Q3,36688.8
1998,10,0.81,42.51,52.75,1998Q4,199810,267633,110683,378316,0.70743,0.29257,Q4,39039.8
1998,11,0.8,42.51,52.92,1998Q4,199811,589639,147062,736701,0.80038,0.19962,Q4,39039.8
1998,12,0.85,42.51,50.28,1998Q4,199812,845802,163127,1008929,0.83832,0.16168,Q4,39039.8
1999,1,0.9,41.46,45.99,1999Q1,19991,984487,174067,1158554,0.84975,0.15025,Q1,39785.9
1999,2,0.91,41.46,45.48,1999Q1,19992,847927,139679,987606,0.85857,0.14143,Q1,39785.9
1999,3,0.92,41.46,45.28,1999Q1,19993,734345,149395,883741,0.83095,0.16905,Q1,39785.9
1999,4,0.81,38.56,47.57,1999Q2,19994,462060,114053,576113,0.80203,0.19797,Q2,44028.0
1999,5,0.76,38.56,50.69,1999Q2,19995,290920,114552,405471,0.71749,0.28252,Q2,44028.0
1999,6,0.75,38.07,50.66,1999Q2,19996,189179,108706,297885,0.63507,0.36493,Q2,44028.0
1999,7,0.75,38.07,50.57,1999Q3,19997,163166,118905,282071,0.57846,0.42154,Q3,46253.5
1999,8,0.73,38.07,51.99,1999Q3,19998,161284,117823,279108,0.57786,0.42214,Q3,46253.5
1999,9,0.7,38.07,54.08,1999Q3,19999,183081,127849,310930,0.58882,0.41118,Q3,46253.5
1999,10,0.72,41.78,58.37,1999Q4,199910,402061,170198,572259,0.70259,0.29741,Q4,48516.7
1999,11,0.69,41.78,60.97,1999Q4,199911,657325,196487,853812,0.76987,0.23013,Q4,48516.7
1999,12,0.69,41.78,60.23,1999Q4,199912,1027319,251488,1278807,0.80334,0.19666,Q4,48516.7
2000,1,0.77,44.74,58.07,2000Q1,20001,1148336,248266,1396602,0.82224,0.17776,Q1,49942.6
2000,2,0.77,44.74,58.24,2000Q1,20002,1082801,219592,1302393,0.83139,0.16861,Q1,49942.6
2000,3,0.77,44.74,58.42,2000Q1,20003,847669,213263,1060932,0.79899,0.20101,Q1,49942.6
2000,4,0.77,44.74,57.94,2000Q2,20004,548101,172968,721068,0.76012,0.23988,Q2,51149.6
2000,5,0.88,49.06,55.49,2000Q2,20005,350196,164437,514633,0.68048,0.31952,Q2,51149.6
2000,6,0.82,49.06,59.67,2000Q2,20006,206964,156473,363437,0.56946,0.43054,Q2,51149.6
2000,7,0.82,49.06,59.98,2000Q3,20007,181402,163679,345081,0.52568,0.47432,Q3,54074.1
2000,8,0.79,49.06,62.02,2000Q3,20008,179319,168129,347448,0.5161,0.4839,Q3,54074.1
2000,9,0.76,49.06,64.65,2000Q3,20009,239174,179575,418749,0.57116,0.42884,Q3,54074.1
2000,10,0.77,52.65,68.11,2000Q4,200010,416665,219854,636519,0.6546,0.3454,Q4,52300.1
2000,11,0.77,52.65,68.49,2000Q4,200011,763938,264161,1028100,0.74306,0.25694,Q4,52300.1
2000,12,0.77,52.65,68.58,2000Q4,200012,1099623,293726,1393349,0.78919,0.21081,Q4,52300.1
2001,1,0.87,57.65,66.42,2001Q1,20011,1368105,293287,1661392,0.82347,0.17653,Q1,52935.4
2001,2,0.88,57.65,65.88,2001Q1,20012,1108879,251299,1360178,0.81525,0.18475,Q1,52935.4
2001,3,0.87,57.65,66.28,2001Q1,20013,950504,257269,1207772,0.78699,0.21301,Q1,52935.4
2001,4,0.9,60.56,67.18,2001Q2,20014,552465,192383,744849,0.74171,0.25828,Q2,52914.6
2001,5,0.91,60.56,66.19,2001Q2,20015,318955,182192,501146,0.63645,0.36355,Q2,52914.6
2001,6,0.91,60.56,66.19,2001Q2,20016,217625,181047,398672,0.54587,0.45413,Q2,52914.6
2001,7,0.9,60.56,67.32,2001Q3,20017,212416,182720,395137,0.53758,0.46242,Q3,53260.6
2001,8,0.92,60.56,65.7,2001Q3,20018,193381,175939,369320,0.52361,0.47639,Q3,53260.6
2001,9,0.93,60.56,65.08,2001Q3,20019,202370,200150,402520,0.50276,0.49724,Q3,53260.6
2001,10,0.93,60.56,65.23,2001Q4,200110,383573,224570,608143,0.63073,0.36927,Q4,54254.1
2001,11,0.98,60.56,61.95,2001Q4,200111,795997,281975,1077972,0.73842,0.26158,Q4,54254.1
2001,12,1.02,59.64,58.45,2001Q4,200112,1246694,325748,1572442,0.79284,0.20716,Q4,54254.1
2002,1,0.86,51.11,59.56,2002Q1,20021,1291199,315492,1606691,0.80364,0.19636,Q1,56059.0
2002,2,0.85,51.11,60.08,2002Q1,20022,1066290,248165,1314455,0.8112,0.1888,Q1,56059.0
2002,3,0.83,51.11,61.72,2002Q1,20023,890162,268288,1158450,0.76841,0.23159,Q1,56059.0
2002,4,0.79,51.11,64.61,2002Q2,20024,551890,224015,775905,0.71129,0.28871,Q2,57725.0
2002,5,0.77,51.11,66.51,2002Q2,20025,386105,223769,609874,0.63309,0.36691,Q2,57725.0
2002,6,0.77,51.11,66.25,2002Q2,20026,251404,199340,450744,0.55775,0.44225,Q2,57725.0
2002,7,0.76,51.11,67.22,2002Q3,20027,235945,215771,451717,0.52233,0.47767,Q3,59539.5
2002,8,0.77,51.11,66.76,2002Q3,20028,237199,215254,452454,0.52425,0.47575,Q3,59539.5
2002,9,0.75,51.11,68.27,2002Q3,20029,264393,219173,483566,0.54676,0.45324,Q3,59539.5
2002,10,0.71,51.11,71.66,2002Q4,200210,559568,297623,857191,0.65279,0.34721,Q4,60269.3
2002,11,0.74,53.76,73.12,2002Q4,200211,1066576,327793,1394368,0.76492,0.23508,Q4,60269.3
2002,12,0.75,53.76,71.34,2002Q4,200212,1293196,345488,1638685,0.78917,0.21083,Q4,60269.3
2003,1,0.74,55.31,74.8,2003Q1,20031,1560357,367416,1927774,0.80941,0.19059,Q1,59793.3
2003,2,0.72,55.31,76.7,2003Q1,20032,1176215,280765,1456980,0.8073,0.1927,Q1,59793.3
2003,3,0.75,58.77,78.68,2003Q1,20033,1054488,308751,1363239,0.77352,0.22648,Q1,59793.3
2003,4,0.8,58.77,73.07,2003Q2,20034,643963,242834,886797,0.72617,0.27383,Q2,59170.1
2003,5,0.83,58.77,70.62,2003Q2,20035,396910,224652,621562,0.63857,0.36143,Q2,59170.1
2003,6,0.85,58.77,69.27,2003Q2,20036,278453,221918,500371,0.55649,0.44351,Q2,59170.1
2003,7,0.8,57.54,71.78,2003Q3,20037,269741,228552,498293,0.54133,0.45867,Q3,61648.2
2003,8,0.8,57.54,72.27,2003Q3,20038,253603,222390,475994,0.53279,0.46721,Q3,61648.2
2003,9,0.75,54.87,72.93,2003Q3,20039,287316,227369,514685,0.55824,0.44176,Q3,61648.2
2003,10,0.75,54.87,73.11,2003Q4,200310,535197,304255,839452,0.63756,0.36244,Q4,64728.1
2003,11,0.73,54.87,75.53,2003Q4,200311,829249,301014,1130264,0.73368,0.26632,Q4,64728.1
2003,12,0.71,54.87,77.42,2003Q4,200312,1369037,394147,1763184,0.77646,0.22354,Q4,64728.1
2004,1,0.73,57.84,79.63,2004Q1,20041,1553307,363492,1916800,0.81036,0.18963,Q1,66644.6
2004,2,0.72,57.84,80.85,2004Q1,20042,1300586,326216,1626802,0.79947,0.20053,Q1,66644.6
2004,3,0.72,57.84,80.53,2004Q1,20043,1122849,332346,1455195,0.77161,0.22839,Q1,66644.6
2004,4,0.72,57.84,80.87,2004Q2,20044,670097,259855,929953,0.72057,0.27943,Q2,67708.2
2004,5,0.71,57.84,81.66,2004Q2,20045,452718,249423,702141,0.64477,0.35523,Q2,67708.2
2004,6,0.7,57.84,82.16,2004Q2,20046,300907,235960,536867,0.56049,0.43951,Q2,67708.2
2004,7,0.71,57.84,81.99,2004Q3,20047,297785,248155,545941,0.54545,0.45455,Q3,67888.4
2004,8,0.68,57.84,85.11,2004Q3,20048,263000,232494,495494,0.53078,0.46922,Q3,67888.4
2004,9,0.71,61.86,86.65,2004Q3,20049,285974,250028,536002,0.53353,0.46647,Q3,67888.4
2004,10,0.7,61.86,88.39,2004Q4,200410,520696,311468,832164,0.62571,0.37429,Q4,68461.7
2004,11,0.74,66.06,89.13,2004Q4,200411,853352,333831,1187183,0.7188,0.2812,Q4,68461.7
2004,12,0.78,66.06,84.63,2004Q4,200412,1337304,401977,1739281,0.76888,0.23112,Q4,68461.7
2005,1,0.77,63.96,83.24,2005Q1,20051,1686918,425039,2111957,0.79875,0.20125,Q1,68985.3
2005,2,0.76,63.96,83.62,2005Q1,20052,1507942,337263,1845204,0.81722,0.18278,Q1,68985.3
2005,3,0.67,58.02,86.15,2005Q1,20053,1299957,365855,1665812,0.78037,0.21963,Q1,68985.3
2005,4,0.64,58.02,90.89,2005Q2,20054,720771,269607,990378,0.72777,0.27223,Q2,70370.0
2005,5,0.67,60.75,90.3,2005Q2,20055,449185,263080,712265,0.63064,0.36936,Q2,70370.0
2005,6,0.66,59.75,90.83,2005Q2,20056,314339,247276,561615,0.55971,0.44029,Q2,70370.0
2005,7,0.64,61.67,96.08,2005Q3,20057,299187,255224,554412,0.53965,0.46035,Q3,72254.6
2005,8,0.63,61.67,98.16,2005Q3,20058,279058,250390,529448,0.52707,0.47293,Q3,72254.6
2005,9,0.6,61.67,102.3,2005Q3,20059,295571,257684,553255,0.53424,0.46576,Q3,72254.6
2005,10,0.6,61.67,103.56,2005Q4,200510,535890,333379,869268,0.61648,0.38352,Q4,73486.0
2005,11,0.65,65.19,100.7,2005Q4,200511,956702,363702,1320403,0.72455,0.27545,Q4,73486.0
2005,12,0.66,65.19,99.4,2005Q4,200512,1814903,503609,2318513,0.78279,0.21721,Q4,73486.0
2006,1,0.69,69.76,100.93,2006Q1,20061,1663668,403770,2067438,0.8047,0.1953,Q1,75432.2
2006,2,0.69,69.76,101.83,2006Q1,20062,1465276,369548,1834824,0.79859,0.20141,Q1,75432.2
2006,3,0.68,69.76,102.17,2006Q1,20063,1252496,380259,1632754,0.76711,0.23289,Q1,75432.2
2006,4,0.66,69.76,105.24,2006Q2,20064,827127,307253,1134381,0.72914,0.27086,Q2,75902.1
2006,5,0.66,69.76,106.38,2006Q2,20065,470598,276380,746978,0.63,0.37,Q2,75902.1
2006,6,0.65,69.76,106.76,2006Q2,20066,338470,279418,617889,0.54778,0.45221,Q2,75902.1
2006,7,0.69,75.57,108.98,2006Q3,20067,334729,287040,621768,0.53835,0.46165,Q3,78182.7
2006,8,0.69,75.57,109.87,2006Q3,20068,309326,269467,578793,0.53443,0.46557,Q3,78182.7
2006,9,0.78,82.68,106.38,2006Q3,20069,314777,316123,630900,0.49893,0.50107,Q3,78182.7
2006,10,0.82,82.68,100.38,2006Q4,200610,412591,315971,728562,0.56631,0.43369,Q4,77988.6
2006,11,0.78,76.69,98.3,2006Q4,200611,940748,419670,1360418,0.69151,0.30849,Q4,77988.6
2006,12,0.78,76.69,98.47,2006Q4,200612,1533772,468451,2002223,0.76603,0.23397,Q4,77988.6
2007,1,0.76,73.6,97.08,2007Q1,20071,1645363,461726,2107089,0.78087,0.21913,Q1,80381.3
2007,2,0.76,73.6,97.25,2007Q1,20072,1304625,350887,1655511,0.78805,0.21195,Q1,80381.3
2007,3,0.71,71.55,100.61,2007Q1,20073,1242387,419078,1661465,0.74777,0.25223,Q1,80381.3
2007,4,0.69,71.55,103.96,2007Q2,20074,831041,345166,1176207,0.70654,0.29346,Q2,82195.9
2007,5,0.7,74.89,107.27,2007Q2,20075,483763,308941,792705,0.61027,0.38973,Q2,82195.9
2007,6,0.69,74.89,108.09,2007Q2,20076,340698,302641,643339,0.52958,0.47042,Q2,82195.9
2007,7,0.68,74.89,109.95,2007Q3,20077,325438,316323,641760,0.5071,0.4929,Q3,83645.0
2007,8,0.68,74.89,109.85,2007Q3,20078,320590,309352,629941,0.50892,0.49108,Q3,83645.0
2007,9,0.74,83.24,112.46,2007Q3,20079,318500,319912,638413,0.49889,0.50111,Q3,83645.0
2007,10,0.72,83.24,115.2,2007Q4,200710,549074,399752,948826,0.57869,0.42131,Q4,86446.3
2007,11,0.7,85.65,122.21,2007Q4,200711,1067962,459067,1527029,0.69937,0.30063,Q4,86446.3
2007,12,0.67,85.65,127.47,2007Q4,200712,1536487,489887,2026374,0.75824,0.24176,Q4,86446.3
2008,1,0.65,83.24,128.93,2008Q1,20081,1784041,528585,2312626,0.77144,0.22856,Q1,87193.8
2008,2,0.64,83.24,129.37,2008Q1,20082,1646181,440978,2087159,0.78872,0.21128,Q1,87193.8
2008,3,0.62,83.24,133.6,2008Q1,20083,1183208,417593,1600801,0.73913,0.26087,Q1,87193.8
2008,4,0.59,83.24,141.35,2008Q2,20084,728851,359253,1088104,0.66984,0.33016,Q2,87964.1
2008,5,0.53,83.24,155.7,2008Q2,20085,479449,347757,827206,0.5796,0.4204,Q2,87964.1
2008,6,0.49,83.24,169.09,2008Q2,20086,359609,363768,723377,0.49713,0.50287,Q2,87964.1
2008,7,0.48,83.24,173.66,2008Q3,20087,331818,391362,723180,0.45883,0.54117,Q3,88477.8
2008,8,0.51,83.24,163.44,2008Q3,20088,301668,392751,694419,0.43442,0.56558,Q3,88477.8
2008,9,0.53,83.24,158.03,2008Q3,20089,312720,417851,730571,0.42805,0.57195,Q3,88477.8
2008,10,0.57,83.24,146.95,2008Q4,200810,476836,502258,979094,0.48702,0.51298,Q4,80823.5
2008,11,0.7,86.52,123.5,2008Q4,200811,1012111,493016,1505128,0.67244,0.32756,Q4,80823.5
2008,12,0.81,89.36,110.87,2008Q4,200812,1553382,491360,2044742,0.7597,0.2403,Q4,80823.5
2009,1,0.81,88.12,108.25,2009Q1,20091,1828194,475294,2303487,0.79366,0.20634,Q1,78843.9
2009,2,0.78,88.12,112.74,2009Q1,20092,1342361,410096,1752457,0.76599,0.23401,Q1,78843.9
2009,3,0.77,88.12,114.0,2009Q1,20093,1219251,463253,1682503,0.72466,0.27534,Q1,78843.9
2009,4,0.77,89.36,116.29,2009Q2,20094,772023,382299,1154323,0.66881,0.33119,Q2,81019.1
2009,5,0.78,89.36,114.22,2009Q2,20095,466732,339666,806398,0.57879,0.42121,Q2,81019.1
2009,6,0.73,90.34,122.97,2009Q2,20096,348457,361942,710399,0.49051,0.50949,Q2,81019.1
2009,7,0.77,96.46,125.52,2009Q3,20097,335077,399983,735060,0.45585,0.54415,Q3,87998.1
2009,8,0.74,96.46,131.19,2009Q3,20098,312854,382384,695238,0.45,0.55,Q3,87998.1
2009,9,0.74,96.46,129.6,2009Q3,20099,320013,434250,754263,0.42427,0.57573,Q3,87998.1
2009,10,0.77,96.46,126.06,2009Q4,200910,490204,467940,958143,0.51162,0.48838,Q4,88555.1
2009,11,0.73,96.46,131.97,2009Q4,200911,1051972,559642,1611614,0.65274,0.34726,Q4,88555.1
2009,12,0.73,96.46,132.41,2009Q4,200912,1691507,654187,2345694,0.72111,0.27889,Q4,88555.1
2010,1,0.73,98.43,134.87,2010Q1,20101,2007813,666375,2674188,0.75081,0.24919,Q1,90597.3
2010,2,0.75,98.43,131.36,2010Q1,20102,1485036,521594,2006631,0.74006,0.25994,Q1,90597.3
2010,3,0.72,98.43,136.73,2010Q1,20103,1351544,604348,1955892,0.69101,0.30899,Q1,90597.3
2010,4,0.7,98.43,140.34,2010Q2,20104,961861,510337,1472198,0.65335,0.34665,Q2,95119.7
2010,5,0.71,98.43,139.13,2010Q2,20105,542735,446416,989151,0.54869,0.45131,Q2,95119.7
2010,6,0.72,98.43,136.68,2010Q2,20106,370060,448796,818856,0.45192,0.54808,Q2,95119.7
2010,7,0.73,98.43,135.03,2010Q3,20107,334545,467388,801933,0.41717,0.58283,Q3,97254.2
2010,8,0.72,98.43,136.34,2010Q3,20108,318729,437247,755976,0.42161,0.57839,Q3,97254.2
2010,9,0.76,102.41,134.65,2010Q3,20109,327929,459544,787474,0.41643,0.58357,Q3,97254.2
2010,10,0.74,102.41,138.88,2010Q4,201010,553872,564906,1118777,0.49507,0.50493,Q4,99272.1
2010,11,0.68,96.84,143.15,2010Q4,201011,1059788,644250,1704038,0.62193,0.37807,Q4,99272.1
2010,12,0.63,96.84,153.5,2010Q4,201012,1701331,735172,2436503,0.69827,0.30173,Q4,99272.1
2011,1,0.64,102.22,160.24,2011Q1,20111,2162477,801968,2964445,0.72947,0.27053,Q1,100746.2
2011,2,0.62,102.22,164.03,2011Q1,20112,1505957,544966,2050923,0.73428,0.26572,Q1,100746.2
2011,3,0.57,102.22,179.88,2011Q1,20113,1362580,669566,2032146,0.67051,0.32949,Q1,100746.2
2011,4,0.55,102.22,184.78,2011Q2,20114,876144,558755,1434899,0.6106,0.3894,Q2,100201.2
2011,5,0.6,108.22,179.36,2011Q2,20115,535990,524106,1060096,0.50561,0.49439,Q2,100201.2
2011,6,0.62,108.22,174.18,2011Q2,20116,386400,519717,906118,0.42643,0.57356,Q2,100201.2
2011,7,0.62,108.22,175.92,2011Q3,20117,367658,535978,903636,0.40687,0.59313,Q3,100708.1
2011,8,0.62,108.22,173.9,2011Q3,20118,343770,501956,845726,0.40648,0.59352,Q3,100708.1
2011,9,0.61,108.22,178.29,2011Q3,20119,335737,520233,855971,0.39223,0.60777,Q3,100708.1
2011,10,0.64,114.52,179.36,2011Q4,201110,540842,667297,1208139,0.44767,0.55233,Q4,100626.2
2011,11,0.64,114.52,177.85,2011Q4,201111,843047,665439,1508486,0.55887,0.44113,Q4,100626.2
2011,12,0.64,114.52,179.35,2011Q4,201112,1660433,823543,2483976,0.66846,0.33154,Q4,100626.2
2012,1,0.62,114.52,185.95,2012Q1,20121,1914601,752384,2666986,0.71789,0.28211,Q1,101329.1
2012,2,0.6,114.52,191.89,2012Q1,20122,1786762,730580,2517341,0.70978,0.29022,Q1,101329.1
2012,3,0.58,114.52,198.14,2012Q1,20123,1372721,699708,2072429,0.66237,0.33763,Q1,101329.1
2012,4,0.58,114.52,198.45,2012Q2,20124,845919,575806,1421724,0.595,0.40501,Q2,101811.7
2012,5,0.61,114.52,186.35,2012Q2,20125,464615,569792,1034408,0.44916,0.55084,Q2,101811.7
2012,6,0.67,114.52,171.1,2012Q2,20126,364850,562731,927580,0.39334,0.60667,Q2,101811.7
2012,7,0.67,114.52,171.44,2012Q3,20127,374518,591863,966381,0.38755,0.61245,Q3,102435.5
2012,8,0.63,114.52,182.28,2012Q3,20128,329101,593523,922624,0.3567,0.6433,Q3,102435.5
2012,9,0.61,114.52,188.12,2012Q3,20129,336686,632894,969580,0.34725,0.65275,Q3,102435.5
2012,10,0.63,114.52,183.09,2012Q4,201210,523083,731545,1254629,0.41692,0.58308,Q4,102383.7
2012,11,0.65,114.52,176.76,2012Q4,201211,1100824,834708,1935532,0.56874,0.43126,Q4,102383.7
2012,12,0.66,114.52,174.34,2012Q4,201212,1914895,953413,2868308,0.6676,0.3324,Q4,102383.7
2013,1,0.66,114.52,174.1,2013Q1,20131,2011896,912518,2924414,0.68797,0.31203,Q1,103845.1
2013,2,0.63,115.87,183.64,2013Q1,20132,1587145,784626,2371771,0.66918,0.33082,Q1,103845.1
2013,3,0.68,119.94,176.45,2013Q1,20133,1240854,772515,2013368,0.61631,0.38369,Q1,103845.1
2013,4,0.71,119.94,169.75,2013Q2,20134,931144,714999,1646143,0.56565,0.43435,Q2,104805.9
2013,5,0.72,119.94,166.99,2013Q2,20135,544889,619777,1164666,0.46785,0.53215,Q2,104805.9
2013,6,0.71,119.94,169.56,2013Q2,20136,374368,606319,980687,0.38174,0.61826,Q2,104805.9
2013,7,0.69,119.94,174.47,2013Q3,20137,358204,641856,1000060,0.35818,0.64182,Q3,105570.2
2013,8,0.69,120.95,174.29,2013Q3,20138,342725,586780,929505,0.36872,0.63128,Q3,105570.2
2013,9,0.7,120.95,173.6,2013Q3,20139,318873,598554,917426,0.34757,0.65243,Q3,105570.2
2013,10,0.72,120.95,167.88,2013Q4,201310,492833,737751,1230584,0.40049,0.59951,Q4,106271.9
2013,11,0.72,120.95,168.31,2013Q4,201311,1059637,840299,1899936,0.55772,0.44228,Q4,106271.9
2013,12,0.7,120.95,172.01,2013Q4,201312,1638151,879650,2517800,0.65063,0.34937,Q4,106271.9
2014,1,0.76,128.61,169.17,2014Q1,20141,1741249,822219,2563467,0.67926,0.32074,Q1,108107.8
2014,2,0.76,128.61,170.14,2014Q1,20142,1443602,693959,2137561,0.67535,0.32465,Q1,108107.8
2014,3,0.76,128.61,169.62,2014Q1,20143,1157243,734898,1892141,0.61161,0.38839,Q1,108107.8
2014,4,0.78,128.61,165.79,2014Q2,20144,701710,610440,1312149,0.53478,0.46522,Q2,109409.5
2014,5,0.78,128.61,164.01,2014Q2,20145,489021,603318,1092339,0.44768,0.55232,Q2,109409.5
2014,6,0.79,128.61,163.09,2014Q2,20146,364068,589802,953871,0.38167,0.61832,Q2,109409.5
2014,7,0.78,127.19,162.33,2014Q3,20147,351317,640610,991928,0.35418,0.64582,Q3,108224.0
2014,8,0.82,127.19,155.94,2014Q3,20148,330374,584391,914765,0.36116,0.63884,Q3,108224.0
2014,9,0.84,127.19,151.74,2014Q3,20149,330810,565183,895993,0.36921,0.63079,Q3,108224.0
2014,10,0.89,127.19,142.28,2014Q4,201410,492443,675401,1167844,0.42167,0.57833,Q4,108112.3
2014,11,0.94,127.19,134.87,2014Q4,201411,924236,691813,1616049,0.57191,0.42809,Q4,108112.3
2014,12,1.11,127.19,114.31,2014Q4,201412,1794870,846801,2641671,0.67944,0.32056,Q4,108112.3
2015,1,1.27,119.11,94.13,2015Q1,20151,1763930,700563,2464493,0.71574,0.28426,Q1,109293.8
2015,2,1.19,119.11,100.36,2015Q1,20152,1484195,572869,2057064,0.72151,0.27849,Q1,109293.8
2015,3,0.99,104.62,105.83,2015Q1,20153,1269808,630065,1899873,0.66836,0.33164,Q1,109293.8
2015,4,1.01,104.62,103.84,2015Q2,20154,780107,536267,1316374,0.59262,0.40738,Q2,109932.2
2015,5,0.82,91.79,111.89,2015Q2,20155,479793,505890,985683,0.48676,0.51324,Q2,109932.2
2015,6,0.81,91.79,113.11,2015Q2,20156,373618,514007,887624,0.42092,0.57908,Q2,109932.2
2015,7,0.87,91.79,106.01,2015Q3,20157,355548,531214,886761,0.40095,0.59905,Q3,110819.6
2015,8,0.94,91.79,98.07,2015Q3,20158,327840,488926,816765,0.40139,0.59861,Q3,110819.6
2015,9,1.01,96.34,95.3,2015Q3,20159,328598,502257,830855,0.39549,0.60451,Q3,110819.6
2015,10,1.02,96.34,94.17,2015Q4,201510,477063,582921,1059984,0.45007,0.54993,Q4,111088.0
2015,11,1.05,96.34,91.81,2015Q4,201511,890663,633643,1524306,0.58431,0.41569,Q4,111088.0
2015,12,1.13,96.34,85.5,2015Q4,201512,1491034,708636,2199670,0.67784,0.32216,Q4,111088.0
2016,1,1.15,86.54,75.08,2016Q1,20161,1909356,737007,2646363,0.7215,0.2785,Q1,111242.2
2016,2,1.2,86.54,72.07,2016Q1,20162,1615218,576168,2191387,0.73708,0.26292,Q1,111242.2
2016,3,1.0,77.11,77.2,2016Q1,20163,1244424,605263,1849687,0.67278,0.32722,Q1,111242.2
2016,4,0.97,77.11,79.31,2016Q2,20164,710486,508759,1219245,0.58273,0.41727,Q2,113539.4
2016,5,0.83,70.93,85.79,2016Q2,20165,485529,493899,979428,0.49573,0.50427,Q2,113539.4
2016,6,0.79,70.93,90.35,2016Q2,20166,385260,487473,872733,0.44144,0.55856,Q2,113539.4
2016,7,0.81,70.93,87.54,2016Q3,20167,374707,500368,875076,0.4282,0.5718,Q3,112372.0
2016,8,0.86,70.93,82.75,2016Q3,20168,338814,465488,804302,0.42125,0.57875,Q3,112372.0
2016,9,0.84,70.93,84.17,2016Q3,20169,331396,473692,805088,0.41163,0.58837,Q3,112372.0
2016,10,0.78,70.93,90.68,2016Q4,201610,489833,591924,1081757,0.45281,0.54719,Q4,114140.6
2016,11,0.83,76.09,91.62,2016Q4,201611,1052094,684233,1736327,0.60593,0.39407,Q4,114140.6
2016,12,0.77,76.09,99.17,2016Q4,201612,1586809,735859,2322668,0.68318,0.31682,Q4,114140.6
2017,1,0.72,76.09,106.13,2017Q1,20171,1859724,715626,2575350,0.72212,0.27788,Q1,116370.5
2017,2,0.73,76.09,103.73,2017Q1,20172,1642258,633160,2275417,0.72174,0.27826,Q1,116370.5
2017,3,0.79,78.88,99.84,2017Q1,20173,1300191,659824,1960015,0.66336,0.33664,Q1,116370.5
2017,4,0.78,78.88,100.66,2017Q2,20174,759085,549691,1308776,0.58,0.42,Q2,116327.5
2017,5,0.86,82.89,96.17,2017Q2,20175,481843,512652,994495,0.48451,0.51549,Q2,116327.5
2017,6,0.91,82.89,91.36,2017Q2,20176,392401,492596,884996,0.44339,0.55661,Q2,116327.5
2017,7,0.89,82.89,93.03,2017Q3,20177,373759,490124,863882,0.43265,0.56735,Q3,118923.1
2017,8,0.86,82.89,96.72,2017Q3,20178,354898,484551,839449,0.42277,0.57723,Q3,118923.1
2017,9,0.81,82.89,102.15,2017Q3,20179,355713,544947,900660,0.39495,0.60505,Q3,118923.1
2017,10,0.79,82.89,104.61,2017Q4,201710,506084,563796,1069880,0.47303,0.52697,Q4,116449.3
2017,11,0.67,73.95,109.78,2017Q4,201711,1164073,746759,1910832,0.6092,0.3908,Q4,116449.3
2017,12,0.66,73.95,111.3,2017Q4,201712,1967384,838623,2806007,0.70113,0.29887,Q4,116449.3
2018,1,0.65,73.95,113.2,2018Q1,20181,2187356,842024,3029381,0.72205,0.27795,Q1,118178.2
2018,2,0.66,73.95,111.85,2018Q1,20182,1877258,661919,2539177,0.73932,0.26068,Q1,118178.2
2018,3,0.67,73.95,110.61,2018Q1,20183,1294043,647226,1941269,0.6666,0.3334,Q1,118178.2
2018,4,0.64,73.95,114.73,2018Q2,20184,810979,580667,1391646,0.58275,0.41725,Q2,120138.5
2018,5,0.62,76.41,122.9,2018Q2,20185,557259,584369,1141628,0.48813,0.51187,Q2,120138.5
2018,6,0.62,76.41,123.0,2018Q2,20186,421366,570856,992222,0.42467,0.57533,Q2,120138.5
2018,7,0.63,80.13,127.34,2018Q3,20187,397534,589012,986546,0.40296,0.59704,Q3,122349.0
2018,8,0.63,80.13,127.81,2018Q3,20188,359429,569973,929402,0.38673,0.61327,Q3,122349.0
2018,9,0.6,80.13,133.3,2018Q3,20189,364344,582462,946805,0.38481,0.61519,Q3,122349.0
2018,10,0.59,80.13,136.55,2018Q4,201810,647374,715571,1362945,0.47498,0.52502,Q4,122864.4
2018,11,0.66,80.13,121.36,2018Q4,201811,1089734,741783,1831516,0.59499,0.40501,Q4,122864.4
2018,12,0.74,80.13,108.48,2018Q4,201812,1865694,854757,2720452,0.6858,0.3142,Q4,122864.4
2019,1,0.77,80.13,103.66,2019Q1,20191,2023662,772539,2796200,0.72372,0.27628,Q1,119760.8
2019,2,0.74,80.13,108.21,2019Q1,20192,1660132,600861,2260993,0.73425,0.26575,Q1,119760.8
2019,3,0.69,80.13,115.77,2019Q1,20193,1279302,679395,1958697,0.65314,0.34686,Q1,119760.8
2019,4,0.66,80.13,120.99,2019Q2,20194,920035,627743,1547778,0.59442,0.40558,Q2,120997.2
2019,5,0.65,80.13,123.45,2019Q2,20195,548871,581306,1130177,0.48565,0.51435,Q2,120997.2
2019,6,0.7,80.13,115.01,2019Q2,20196,419341,565142,984483,0.42595,0.57405,Q2,120997.2
2019,7,0.73,84.7,116.15,2019Q3,20197,403664,553295,956960,0.42182,0.57818,Q3,123266.6
2019,8,0.73,84.7,115.29,2019Q3,20198,374639,514526,889166,0.42134,0.57866,Q3,123266.6
2019,9,0.73,84.7,115.88,2019Q3,20199,366621,524795,891416,0.41128,0.58872,Q3,123266.6
2019,10,0.73,84.7,116.43,2019Q4,201910,520739,628223,1148962,0.45323,0.54677,Q4,124910.1
2019,11,0.72,84.7,117.19,2019Q4,201911,1055013,714870,1769883,0.59609,0.40391,Q4,124910.1
2019,12,0.71,84.7,120.12,2019Q4,201912,1732147,755546,2487693,0.69629,0.30371,Q4,124910.1
2020,1,0.71,84.7,119.47,2020Q1,20201,1819123,687084,2506207,0.72585,0.27415,Q1,124049.0
2020,2,0.77,84.7,110.13,2020Q1,20202,1604680,633396,2238075,0.71699,0.28301,Q1,124049.0
2020,3,0.98,84.7,86.34,2020Q1,20203,1243141,616998,1860140,0.66831,0.33169,Q1,124049.0
2020,4,1.33,84.7,63.83,2020Q2,20204,918206,534319,1452525,0.63214,0.36786,Q2,113154.3
2020,5,1.33,84.7,63.69,2020Q2,20205,539517,439949,979466,0.55083,0.44917,Q2,113154.3
2020,6,1.07,84.7,78.99,2020Q2,20206,406010,446235,852245,0.4764,0.5236,Q2,113154.3
2020,7,0.85,70.98,83.16,2020Q3,20207,399937,485652,885588,0.45161,0.54839,Q3,121747.5
2020,8,0.86,72.93,84.71,2020Q3,20208,398661,457970,856631,0.46538,0.53462,Q3,121747.5
2020,9,0.8,65.24,81.26,2020Q3,20209,380235,525619,905853,0.41975,0.58025,Q3,121747.5
2020,10,0.76,59.16,78.13,2020Q4,202010,616682,600890,1217571,0.50649,0.49352,Q4,124740.4
2020,11,0.75,58.72,78.64,2020Q4,202011,1093747,665901,1759648,0.62157,0.37843,Q4,124740.4
2020,12,0.72,63.87,88.53,2020Q4,202012,1921404,811928,2733332,0.70295,0.29705,Q4,124740.4
